INSERT INTO public.users (id, hashed_password, username) VALUES ('31881fd4-07e7-49fe-a9c6-1acf34493625', '$2a$10$KDvLTt4Rx2X2u.9zSBdLW.cCvRzYSy.EcRSsIIF6FGQZz6cU0lBKu', 'ufuk');
INSERT INTO public.users (id, hashed_password, username) VALUES ('9ddd8fd5-5446-46cc-9929-3e8b18a242de', '$2a$10$pgJwKT3OKexvvR7BUYetluv5d6pW7k6B1yYztKF2Wu57qrn0Gbq8e', 'mehmet');

INSERT INTO public.accounts (id, amount, currency, user_id) VALUES ('41bd7d3a-4f09-47c9-8c5c-3afa93d3c02d', 111675.36, 'TL', '31881fd4-07e7-49fe-a9c6-1acf34493625');
INSERT INTO public.accounts (id, amount, currency, user_id) VALUES ('b5ec7f4b-ca63-4592-a3b9-7fdb53dfd87c', 0.00, 'GOLD', '31881fd4-07e7-49fe-a9c6-1acf34493625');
INSERT INTO public.accounts (id, amount, currency, user_id) VALUES ('8433a04c-8d1c-49f7-b8b7-1dfd5ed7e9b0', 101.99, 'EURO', '31881fd4-07e7-49fe-a9c6-1acf34493625');
INSERT INTO public.accounts (id, amount, currency, user_id) VALUES ('802f7553-eac0-4386-9f25-b5d062825c54', 88.63, 'DOLLAR', '31881fd4-07e7-49fe-a9c6-1acf34493625');


INSERT INTO public.activities (id, activity_type, amount, description, time, account_id) VALUES ('e7923527-9958-4cf3-9dcc-047bf6acf6ca', 'BUY', 1.00, 'ALIŞ [1.0] @ [906.3316016795609 GOLD-TL]', '2022-09-27 04:03:32.691481', 'b5ec7f4b-ca63-4592-a3b9-7fdb53dfd87c');
INSERT INTO public.activities (id, activity_type, amount, description, time, account_id) VALUES ('386dd939-8134-445e-b462-dbe2962c1966', 'SELL', 906.33, 'SATIŞ [906.3316016795609] @ [0.001103349 TL-GOLD]', '2022-09-27 04:03:32.694068', '41bd7d3a-4f09-47c9-8c5c-3afa93d3c02d');
INSERT INTO public.activities (id, activity_type, amount, description, time, account_id) VALUES ('6a2049d4-3fce-4143-8936-e6d0fffe4b81', 'BUY', 1.00, 'ALIŞ [1.0] @ [906.3316016795609 GOLD-TL]', '2022-09-27 04:04:04.542616', 'b5ec7f4b-ca63-4592-a3b9-7fdb53dfd87c');
INSERT INTO public.activities (id, activity_type, amount, description, time, account_id) VALUES ('a740f2a7-01d4-493d-bc93-2e0949d21f1c', 'SELL', 906.33, 'SATIŞ [906.3316016795609] @ [0.001103349 TL-GOLD]', '2022-09-27 04:04:04.542890', '41bd7d3a-4f09-47c9-8c5c-3afa93d3c02d');
INSERT INTO public.activities (id, activity_type, amount, description, time, account_id) VALUES ('f259a0ac-9782-456e-8bdb-cf32514124b2', 'BUY', 1.00, 'ALIŞ [1.0] @ [906.3316016795609 GOLD-TL]', '2022-09-27 04:04:11.308256', 'b5ec7f4b-ca63-4592-a3b9-7fdb53dfd87c');
INSERT INTO public.activities (id, activity_type, amount, description, time, account_id) VALUES ('2347d9a4-cd5a-47e1-9eee-4b10bb324f2a', 'SELL', 906.33, 'SATIŞ [906.3316016795609] @ [0.001103349 TL-GOLD]', '2022-09-27 04:04:11.308730', '41bd7d3a-4f09-47c9-8c5c-3afa93d3c02d');
INSERT INTO public.activities (id, activity_type, amount, description, time, account_id) VALUES ('72862c60-9fab-4311-b7d5-3eefa56e6ede', 'BUY', 1.00, 'ALIŞ [1.0] @ [906.3316016795609 GOLD-TL]', '2022-09-27 04:04:12.067622', 'b5ec7f4b-ca63-4592-a3b9-7fdb53dfd87c');
INSERT INTO public.activities (id, activity_type, amount, description, time, account_id) VALUES ('6ebf99b3-866a-440c-8a1f-dbbeea66eed4', 'SELL', 906.33, 'SATIŞ [906.3316016795609] @ [0.001103349 TL-GOLD]', '2022-09-27 04:04:12.068283', '41bd7d3a-4f09-47c9-8c5c-3afa93d3c02d');
INSERT INTO public.activities (id, activity_type, amount, description, time, account_id) VALUES ('8b9d4545-6b32-4b38-a7dd-07c209c09a77', 'BUY', 1.00, 'ALIŞ [1.0] @ [906.3316016795609 GOLD-TL]', '2022-09-27 04:04:12.246150', 'b5ec7f4b-ca63-4592-a3b9-7fdb53dfd87c');
INSERT INTO public.activities (id, activity_type, amount, description, time, account_id) VALUES ('f85ac9f1-caed-4ce5-b4e9-df7aa295d187', 'SELL', 906.33, 'SATIŞ [906.3316016795609] @ [0.001103349 TL-GOLD]', '2022-09-27 04:04:12.246809', '41bd7d3a-4f09-47c9-8c5c-3afa93d3c02d');
INSERT INTO public.activities (id, activity_type, amount, description, time, account_id) VALUES ('8072dbf9-0542-4cbc-a1b4-6916a546fb64', 'BUY', 1.00, 'ALIŞ [1.0] @ [906.3316016795609 GOLD-TL]', '2022-09-27 04:04:12.422198', 'b5ec7f4b-ca63-4592-a3b9-7fdb53dfd87c');
INSERT INTO public.activities (id, activity_type, amount, description, time, account_id) VALUES ('ef0ba2b1-4235-4d86-b63a-2fdfb8914715', 'SELL', 906.33, 'SATIŞ [906.3316016795609] @ [0.001103349 TL-GOLD]', '2022-09-27 04:04:12.422524', '41bd7d3a-4f09-47c9-8c5c-3afa93d3c02d');
INSERT INTO public.activities (id, activity_type, amount, description, time, account_id) VALUES ('1c6fc2d1-da26-4a3a-b8b8-504ba04d6e8b', 'BUY', 1.00, 'ALIŞ [1.0] @ [906.3316016795609 GOLD-TL]', '2022-09-27 04:04:12.597215', 'b5ec7f4b-ca63-4592-a3b9-7fdb53dfd87c');
INSERT INTO public.activities (id, activity_type, amount, description, time, account_id) VALUES ('4114215e-9a85-4201-8ab0-1f509cc11e20', 'SELL', 906.33, 'SATIŞ [906.3316016795609] @ [0.001103349 TL-GOLD]', '2022-09-27 04:04:12.597761', '41bd7d3a-4f09-47c9-8c5c-3afa93d3c02d');
INSERT INTO public.activities (id, activity_type, amount, description, time, account_id) VALUES ('a4f63ee2-5f04-4d22-90d9-ae091fcb0d23', 'BUY', 1.00, 'ALIŞ [1.0] @ [906.3316016795609 GOLD-TL]', '2022-09-27 04:04:12.755249', 'b5ec7f4b-ca63-4592-a3b9-7fdb53dfd87c');
INSERT INTO public.activities (id, activity_type, amount, description, time, account_id) VALUES ('13a08cea-95a6-4e8b-845d-a8f90a560965', 'SELL', 906.33, 'SATIŞ [906.3316016795609] @ [0.001103349 TL-GOLD]', '2022-09-27 04:04:12.755490', '41bd7d3a-4f09-47c9-8c5c-3afa93d3c02d');
INSERT INTO public.activities (id, activity_type, amount, description, time, account_id) VALUES ('cb8546eb-f0ef-437c-b9ac-43c081878625', 'BUY', 1.00, 'ALIŞ [1.0] @ [906.3316016795609 GOLD-TL]', '2022-09-27 04:04:12.972026', 'b5ec7f4b-ca63-4592-a3b9-7fdb53dfd87c');
INSERT INTO public.activities (id, activity_type, amount, description, time, account_id) VALUES ('3e614a60-e306-4bcc-a9bb-46fa4ef8d750', 'SELL', 906.33, 'SATIŞ [906.3316016795609] @ [0.001103349 TL-GOLD]', '2022-09-27 04:04:12.972526', '41bd7d3a-4f09-47c9-8c5c-3afa93d3c02d');
INSERT INTO public.activities (id, activity_type, amount, description, time, account_id) VALUES ('5592a3aa-3f1e-4ca8-b3bb-474ec036d400', 'BUY', 1.00, 'ALIŞ [1.0] @ [906.3316016795609 GOLD-TL]', '2022-09-27 04:04:13.138463', 'b5ec7f4b-ca63-4592-a3b9-7fdb53dfd87c');
INSERT INTO public.activities (id, activity_type, amount, description, time, account_id) VALUES ('a3422d9f-e442-42ab-a290-0a748e32de3f', 'SELL', 906.33, 'SATIŞ [906.3316016795609] @ [0.001103349 TL-GOLD]', '2022-09-27 04:04:13.138953', '41bd7d3a-4f09-47c9-8c5c-3afa93d3c02d');
INSERT INTO public.activities (id, activity_type, amount, description, time, account_id) VALUES ('797a8672-7363-4de2-88a0-58b4998b0a6e', 'BUY', 1.00, 'ALIŞ [1.0] @ [906.3316016795609 GOLD-TL]', '2022-09-27 04:04:13.306474', 'b5ec7f4b-ca63-4592-a3b9-7fdb53dfd87c');
INSERT INTO public.activities (id, activity_type, amount, description, time, account_id) VALUES ('e3102fe1-304a-44f8-ba46-ce7962ca4b28', 'SELL', 906.33, 'SATIŞ [906.3316016795609] @ [0.001103349 TL-GOLD]', '2022-09-27 04:04:13.307228', '41bd7d3a-4f09-47c9-8c5c-3afa93d3c02d');
INSERT INTO public.activities (id, activity_type, amount, description, time, account_id) VALUES ('905b1257-e39f-466b-839b-d2f9d58e6428', 'BUY', 1.00, 'ALIŞ [1.0] @ [906.3316016795609 GOLD-TL]', '2022-09-27 04:04:13.462574', 'b5ec7f4b-ca63-4592-a3b9-7fdb53dfd87c');
INSERT INTO public.activities (id, activity_type, amount, description, time, account_id) VALUES ('3c2fec11-d3ae-4f58-a7bc-30e33ecf822c', 'SELL', 906.33, 'SATIŞ [906.3316016795609] @ [0.001103349 TL-GOLD]', '2022-09-27 04:04:13.462864', '41bd7d3a-4f09-47c9-8c5c-3afa93d3c02d');
INSERT INTO public.activities (id, activity_type, amount, description, time, account_id) VALUES ('97a1e6f5-85c3-489d-8599-512ff2312b2d', 'BUY', 1.00, 'ALIŞ [1.0] @ [906.3316016795609 GOLD-TL]', '2022-09-27 04:04:13.650870', 'b5ec7f4b-ca63-4592-a3b9-7fdb53dfd87c');
INSERT INTO public.activities (id, activity_type, amount, description, time, account_id) VALUES ('7d94c393-26b0-4933-94a9-dda10fc029fd', 'SELL', 906.33, 'SATIŞ [906.3316016795609] @ [0.001103349 TL-GOLD]', '2022-09-27 04:04:13.651681', '41bd7d3a-4f09-47c9-8c5c-3afa93d3c02d');
INSERT INTO public.activities (id, activity_type, amount, description, time, account_id) VALUES ('5982ac89-c8f7-4ae5-bcc1-20f639fd2049', 'BUY', 930.42, 'ALIŞ [930.4202347135387] @ [930.4202347135387 TL-GOLD]', '2022-09-27 03:02:59.512507', '41bd7d3a-4f09-47c9-8c5c-3afa93d3c02d');
INSERT INTO public.activities (id, activity_type, amount, description, time, account_id) VALUES ('d538f072-f55b-4fe5-a7af-9f5c41b3548e', 'SELL', 1.00, 'SATIŞ [1.0] @ [0.001074783 GOLD-TL]', '2022-09-27 03:02:59.513129', 'b5ec7f4b-ca63-4592-a3b9-7fdb53dfd87c');
INSERT INTO public.activities (id, activity_type, amount, description, time, account_id) VALUES ('e7f68ffc-3018-45bd-a978-350d11e6d75f', 'BUY', 1860.84, 'ALIŞ [1860.8404694270773] @ [930.4202347135387 TL-GOLD]', '2022-09-27 03:03:01.043981', '41bd7d3a-4f09-47c9-8c5c-3afa93d3c02d');
INSERT INTO public.activities (id, activity_type, amount, description, time, account_id) VALUES ('1d72617f-ec42-48f0-a5e1-0d7bae426d3a', 'SELL', 2.00, 'SATIŞ [2.0] @ [0.001074783 GOLD-TL]', '2022-09-27 03:03:01.044671', 'b5ec7f4b-ca63-4592-a3b9-7fdb53dfd87c');
INSERT INTO public.activities (id, activity_type, amount, description, time, account_id) VALUES ('ec303bf5-3b9f-45a3-a3f4-c2dc78714a9e', 'BUY', 5.69, 'ALIŞ [5.693360191065665] @ [0.05693360191065665 DOLLAR-TL]', '2022-09-27 03:03:16.108594', '802f7553-eac0-4386-9f25-b5d062825c54');
INSERT INTO public.activities (id, activity_type, amount, description, time, account_id) VALUES ('8a66dee8-6d67-4630-acae-41b86f97b3ff', 'SELL', 100.00, 'SATIŞ [100.0] @ [17.56432 TL-DOLLAR]', '2022-09-27 03:03:16.109525', '41bd7d3a-4f09-47c9-8c5c-3afa93d3c02d');
INSERT INTO public.activities (id, activity_type, amount, description, time, account_id) VALUES ('576d0663-790d-4abe-bae5-84f3f45470a8', 'BUY', 15.00, 'ALIŞ [15.0] @ [1.0253092938796489 DOLLAR-EURO]', '2022-09-27 03:03:32.337453', '802f7553-eac0-4386-9f25-b5d062825c54');
INSERT INTO public.activities (id, activity_type, amount, description, time, account_id) VALUES ('a5c121ba-049d-4e43-97a2-1ffe90531e61', 'SELL', 15.38, 'SATIŞ [15.379639408194732] @ [0.9753155 EURO-DOLLAR]', '2022-09-27 03:03:32.338251', '8433a04c-8d1c-49f7-b8b7-1dfd5ed7e9b0');
INSERT INTO public.activities (id, activity_type, amount, description, time, account_id) VALUES ('bf06664f-9c12-45df-b8be-6a45ff0310a7', 'BUY', 15.38, 'ALIŞ [15.379639408194732] @ [1.0253092938796489 EURO-DOLLAR]', '2022-09-27 03:03:38.384573', '8433a04c-8d1c-49f7-b8b7-1dfd5ed7e9b0');
INSERT INTO public.activities (id, activity_type, amount, description, time, account_id) VALUES ('48ecae65-53b6-41a6-984c-d203203d855a', 'SELL', 15.00, 'SATIŞ [15.0] @ [0.9753155 DOLLAR-EURO]', '2022-09-27 03:03:38.385386', '802f7553-eac0-4386-9f25-b5d062825c54');
INSERT INTO public.activities (id, activity_type, amount, description, time, account_id) VALUES ('67672359-19e7-40a0-8718-35e23979d2aa', 'BUY', 3.08, 'ALIŞ [3.075927881638947] @ [1.0253092938796489 EURO-DOLLAR]', '2022-09-27 03:03:45.554205', '8433a04c-8d1c-49f7-b8b7-1dfd5ed7e9b0');
INSERT INTO public.activities (id, activity_type, amount, description, time, account_id) VALUES ('80c14741-98ff-483f-8d4b-fafa80eb9156', 'SELL', 3.00, 'SATIŞ [3.0] @ [0.9753155 DOLLAR-EURO]', '2022-09-27 03:03:45.554736', '802f7553-eac0-4386-9f25-b5d062825c54');
INSERT INTO public.activities (id, activity_type, amount, description, time, account_id) VALUES ('926c6750-1a0b-44ac-9872-f83d34316a46', 'BUY', 3.00, 'ALIŞ [3.0] @ [1.0253092938796489 DOLLAR-EURO]', '2022-09-27 03:03:48.769037', '802f7553-eac0-4386-9f25-b5d062825c54');
INSERT INTO public.activities (id, activity_type, amount, description, time, account_id) VALUES ('76c91546-1acf-44cd-ba67-0b89531b891e', 'SELL', 3.08, 'SATIŞ [3.075927881638947] @ [0.9753155 EURO-DOLLAR]', '2022-09-27 03:03:48.769447', '8433a04c-8d1c-49f7-b8b7-1dfd5ed7e9b0');
INSERT INTO public.activities (id, activity_type, amount, description, time, account_id) VALUES ('04da9cfb-5979-4b1a-aeaa-579177ca34b7', 'BUY', 3.08, 'ALIŞ [3.075927881638947] @ [1.0253092938796489 EURO-DOLLAR]', '2022-09-27 03:03:50.427023', '8433a04c-8d1c-49f7-b8b7-1dfd5ed7e9b0');
INSERT INTO public.activities (id, activity_type, amount, description, time, account_id) VALUES ('6f7674ac-c1eb-47b3-915d-dfa2ce64949e', 'SELL', 3.00, 'SATIŞ [3.0] @ [0.9753155 DOLLAR-EURO]', '2022-09-27 03:03:50.427404', '802f7553-eac0-4386-9f25-b5d062825c54');
INSERT INTO public.activities (id, activity_type, amount, description, time, account_id) VALUES ('c4f45bb2-ab1f-48cc-ad62-a421f5f45c77', 'BUY', 3.00, 'ALIŞ [3.0] @ [1.0885219867403362 DOLLAR-EURO]', '2022-09-27 03:04:36.218774', '802f7553-eac0-4386-9f25-b5d062825c54');
INSERT INTO public.activities (id, activity_type, amount, description, time, account_id) VALUES ('8a616f9a-407e-4149-8693-45ab7ef32bec', 'SELL', 3.27, 'SATIŞ [3.2655659602210085] @ [0.9186769 EURO-DOLLAR]', '2022-09-27 03:04:36.219331', '8433a04c-8d1c-49f7-b8b7-1dfd5ed7e9b0');
INSERT INTO public.activities (id, activity_type, amount, description, time, account_id) VALUES ('3730387d-43d8-4866-b3f9-4a86f884d7bd', 'BUY', 2.18, 'ALIŞ [2.1770439734806724] @ [1.0885219867403362 EURO-DOLLAR]', '2022-09-27 03:04:42.131129', '8433a04c-8d1c-49f7-b8b7-1dfd5ed7e9b0');
INSERT INTO public.activities (id, activity_type, amount, description, time, account_id) VALUES ('454a5604-d287-4a98-a40e-3729a05d6bd3', 'SELL', 2.00, 'SATIŞ [2.0] @ [0.9186769 DOLLAR-EURO]', '2022-09-27 03:04:42.131794', '802f7553-eac0-4386-9f25-b5d062825c54');
INSERT INTO public.activities (id, activity_type, amount, description, time, account_id) VALUES ('c6ec3899-e964-4cfc-93c9-36696f1bc8d4', 'BUY', 1.00, 'ALIŞ [1.0] @ [906.3316016795609 GOLD-TL]', '2022-09-27 04:04:13.821976', 'b5ec7f4b-ca63-4592-a3b9-7fdb53dfd87c');
INSERT INTO public.activities (id, activity_type, amount, description, time, account_id) VALUES ('4c7b28ee-53d2-4a04-b533-414ba792428d', 'SELL', 906.33, 'SATIŞ [906.3316016795609] @ [0.001103349 TL-GOLD]', '2022-09-27 04:04:13.822526', '41bd7d3a-4f09-47c9-8c5c-3afa93d3c02d');
INSERT INTO public.activities (id, activity_type, amount, description, time, account_id) VALUES ('6ec6db69-381f-4fa2-9b2e-3294e4521dba', 'BUY', 1.00, 'ALIŞ [1.0] @ [906.3316016795609 GOLD-TL]', '2022-09-27 04:04:13.966019', 'b5ec7f4b-ca63-4592-a3b9-7fdb53dfd87c');
INSERT INTO public.activities (id, activity_type, amount, description, time, account_id) VALUES ('69bd7c27-59e5-4e6e-96f2-3508e954ef31', 'SELL', 906.33, 'SATIŞ [906.3316016795609] @ [0.001103349 TL-GOLD]', '2022-09-27 04:04:13.966646', '41bd7d3a-4f09-47c9-8c5c-3afa93d3c02d');
INSERT INTO public.activities (id, activity_type, amount, description, time, account_id) VALUES ('3c5b3284-9551-4bb5-9a49-5a5ffaff765f', 'BUY', 1.00, 'ALIŞ [1.0] @ [906.3316016795609 GOLD-TL]', '2022-09-27 04:04:14.137402', 'b5ec7f4b-ca63-4592-a3b9-7fdb53dfd87c');
INSERT INTO public.activities (id, activity_type, amount, description, time, account_id) VALUES ('5d6554f4-a8d2-46aa-826a-3a8ae9070599', 'SELL', 906.33, 'SATIŞ [906.3316016795609] @ [0.001103349 TL-GOLD]', '2022-09-27 04:04:14.137735', '41bd7d3a-4f09-47c9-8c5c-3afa93d3c02d');
INSERT INTO public.activities (id, activity_type, amount, description, time, account_id) VALUES ('1fc320ec-6ba8-4852-bc13-ffbc6619bd84', 'BUY', 1.00, 'ALIŞ [1.0] @ [906.3316016795609 GOLD-TL]', '2022-09-27 04:04:14.459923', 'b5ec7f4b-ca63-4592-a3b9-7fdb53dfd87c');
INSERT INTO public.activities (id, activity_type, amount, description, time, account_id) VALUES ('d1af8de4-f066-4486-ac4a-aa45bee779cf', 'SELL', 906.33, 'SATIŞ [906.3316016795609] @ [0.001103349 TL-GOLD]', '2022-09-27 04:04:14.460117', '41bd7d3a-4f09-47c9-8c5c-3afa93d3c02d');
INSERT INTO public.activities (id, activity_type, amount, description, time, account_id) VALUES ('e347f58a-ab62-4783-8977-a516e656a38e', 'BUY', 1.00, 'ALIŞ [1.0] @ [906.3316016795609 GOLD-TL]', '2022-09-27 04:04:14.848951', 'b5ec7f4b-ca63-4592-a3b9-7fdb53dfd87c');
INSERT INTO public.activities (id, activity_type, amount, description, time, account_id) VALUES ('663be5bd-4281-4e28-ab81-9f92e28997a6', 'SELL', 906.33, 'SATIŞ [906.3316016795609] @ [0.001103349 TL-GOLD]', '2022-09-27 04:04:14.849666', '41bd7d3a-4f09-47c9-8c5c-3afa93d3c02d');
INSERT INTO public.activities (id, activity_type, amount, description, time, account_id) VALUES ('4879e3f1-3d5b-4e58-a74d-31c87badabc6', 'BUY', 1.00, 'ALIŞ [1.0] @ [906.3316016795609 GOLD-TL]', '2022-09-27 04:04:15.031024', 'b5ec7f4b-ca63-4592-a3b9-7fdb53dfd87c');
INSERT INTO public.activities (id, activity_type, amount, description, time, account_id) VALUES ('e5bd4a6a-f8ee-4961-9415-241782c61c35', 'SELL', 906.33, 'SATIŞ [906.3316016795609] @ [0.001103349 TL-GOLD]', '2022-09-27 04:04:15.031533', '41bd7d3a-4f09-47c9-8c5c-3afa93d3c02d');
INSERT INTO public.activities (id, activity_type, amount, description, time, account_id) VALUES ('4c77ccc9-c1a9-433b-b481-1271dcf06e39', 'BUY', 1.00, 'ALIŞ [1.0] @ [906.3316016795609 GOLD-TL]', '2022-09-27 04:04:15.219430', 'b5ec7f4b-ca63-4592-a3b9-7fdb53dfd87c');
INSERT INTO public.activities (id, activity_type, amount, description, time, account_id) VALUES ('2a449ee4-8186-4a19-a80f-11303e760f77', 'SELL', 906.33, 'SATIŞ [906.3316016795609] @ [0.001103349 TL-GOLD]', '2022-09-27 04:04:15.220134', '41bd7d3a-4f09-47c9-8c5c-3afa93d3c02d');
INSERT INTO public.activities (id, activity_type, amount, description, time, account_id) VALUES ('ed747662-8d7c-4cab-a056-5eb68ed0d5b7', 'BUY', 1.00, 'ALIŞ [1.0] @ [906.3316016795609 GOLD-TL]', '2022-09-27 04:04:16.102581', 'b5ec7f4b-ca63-4592-a3b9-7fdb53dfd87c');
INSERT INTO public.activities (id, activity_type, amount, description, time, account_id) VALUES ('619ab609-e2d0-4d02-9aef-a93e5ca28e9e', 'SELL', 906.33, 'SATIŞ [906.3316016795609] @ [0.001103349 TL-GOLD]', '2022-09-27 04:04:16.103360', '41bd7d3a-4f09-47c9-8c5c-3afa93d3c02d');
INSERT INTO public.activities (id, activity_type, amount, description, time, account_id) VALUES ('5b6d7a0d-80cf-4692-9709-83eeaa71316e', 'BUY', 1.00, 'ALIŞ [1.0] @ [906.3316016795609 GOLD-TL]', '2022-09-27 04:04:17.066140', 'b5ec7f4b-ca63-4592-a3b9-7fdb53dfd87c');
INSERT INTO public.activities (id, activity_type, amount, description, time, account_id) VALUES ('3da8f8f9-ded1-48dc-834a-cd7e5ae20aae', 'SELL', 906.33, 'SATIŞ [906.3316016795609] @ [0.001103349 TL-GOLD]', '2022-09-27 04:04:17.066665', '41bd7d3a-4f09-47c9-8c5c-3afa93d3c02d');
INSERT INTO public.activities (id, activity_type, amount, description, time, account_id) VALUES ('2149a20e-2ad5-4bac-9510-aed3552ab756', 'BUY', 1.00, 'ALIŞ [1.0] @ [906.3316016795609 GOLD-TL]', '2022-09-27 04:04:17.589678', 'b5ec7f4b-ca63-4592-a3b9-7fdb53dfd87c');
INSERT INTO public.activities (id, activity_type, amount, description, time, account_id) VALUES ('c122be73-5cb0-458a-bf20-2da56935fe4b', 'SELL', 906.33, 'SATIŞ [906.3316016795609] @ [0.001103349 TL-GOLD]', '2022-09-27 04:04:17.589878', '41bd7d3a-4f09-47c9-8c5c-3afa93d3c02d');
INSERT INTO public.activities (id, activity_type, amount, description, time, account_id) VALUES ('a590668c-f1e2-4f9e-90fc-e22f3c130d0f', 'BUY', 1.00, 'ALIŞ [1.0] @ [906.3316016795609 GOLD-TL]', '2022-09-27 04:04:17.800712', 'b5ec7f4b-ca63-4592-a3b9-7fdb53dfd87c');
INSERT INTO public.activities (id, activity_type, amount, description, time, account_id) VALUES ('eddcdbdf-1cb6-4dc7-b4c8-d224c6a37cc6', 'SELL', 906.33, 'SATIŞ [906.3316016795609] @ [0.001103349 TL-GOLD]', '2022-09-27 04:04:17.801428', '41bd7d3a-4f09-47c9-8c5c-3afa93d3c02d');
INSERT INTO public.activities (id, activity_type, amount, description, time, account_id) VALUES ('7c50cdff-1e80-4c39-b0ee-9b8545d55627', 'BUY', 1.00, 'ALIŞ [1.0] @ [906.3316016795609 GOLD-TL]', '2022-09-27 04:04:17.977548', 'b5ec7f4b-ca63-4592-a3b9-7fdb53dfd87c');
INSERT INTO public.activities (id, activity_type, amount, description, time, account_id) VALUES ('c3a165b3-e406-49ed-b1f8-0355706dee3b', 'SELL', 906.33, 'SATIŞ [906.3316016795609] @ [0.001103349 TL-GOLD]', '2022-09-27 04:04:17.977972', '41bd7d3a-4f09-47c9-8c5c-3afa93d3c02d');
INSERT INTO public.activities (id, activity_type, amount, description, time, account_id) VALUES ('619dcace-0578-4396-aa3d-b9900b5e226c', 'BUY', 1.00, 'ALIŞ [1.0] @ [906.3316016795609 GOLD-TL]', '2022-09-27 04:04:18.167601', 'b5ec7f4b-ca63-4592-a3b9-7fdb53dfd87c');
INSERT INTO public.activities (id, activity_type, amount, description, time, account_id) VALUES ('c5e02861-f3a6-4f5f-b80a-d1ae1ae90f43', 'SELL', 906.33, 'SATIŞ [906.3316016795609] @ [0.001103349 TL-GOLD]', '2022-09-27 04:04:18.167941', '41bd7d3a-4f09-47c9-8c5c-3afa93d3c02d');
INSERT INTO public.activities (id, activity_type, amount, description, time, account_id) VALUES ('0396d7a0-8720-44c9-8c86-1228f8fac2b3', 'BUY', 1.00, 'ALIŞ [1.0] @ [906.3316016795609 GOLD-TL]', '2022-09-27 04:04:18.325875', 'b5ec7f4b-ca63-4592-a3b9-7fdb53dfd87c');
INSERT INTO public.activities (id, activity_type, amount, description, time, account_id) VALUES ('3760a7a5-e861-482c-a6b4-07f1013e5e58', 'SELL', 906.33, 'SATIŞ [906.3316016795609] @ [0.001103349 TL-GOLD]', '2022-09-27 04:04:18.326176', '41bd7d3a-4f09-47c9-8c5c-3afa93d3c02d');
INSERT INTO public.activities (id, activity_type, amount, description, time, account_id) VALUES ('0d3254be-086c-4559-b271-d20b16d84fed', 'BUY', 1.00, 'ALIŞ [1.0] @ [906.3316016795609 GOLD-TL]', '2022-09-27 04:04:18.505490', 'b5ec7f4b-ca63-4592-a3b9-7fdb53dfd87c');
INSERT INTO public.activities (id, activity_type, amount, description, time, account_id) VALUES ('3582d248-6a32-4588-93e7-de4031236552', 'SELL', 906.33, 'SATIŞ [906.3316016795609] @ [0.001103349 TL-GOLD]', '2022-09-27 04:04:18.505822', '41bd7d3a-4f09-47c9-8c5c-3afa93d3c02d');
INSERT INTO public.activities (id, activity_type, amount, description, time, account_id) VALUES ('7724d945-7862-4c7e-8967-f560fa5fbfad', 'BUY', 1.00, 'ALIŞ [1.0] @ [906.3316016795609 GOLD-TL]', '2022-09-27 04:04:18.685801', 'b5ec7f4b-ca63-4592-a3b9-7fdb53dfd87c');
INSERT INTO public.activities (id, activity_type, amount, description, time, account_id) VALUES ('4f1e4e7a-e3b0-4e29-b545-220eaa155c5d', 'SELL', 906.33, 'SATIŞ [906.3316016795609] @ [0.001103349 TL-GOLD]', '2022-09-27 04:04:18.686119', '41bd7d3a-4f09-47c9-8c5c-3afa93d3c02d');
INSERT INTO public.activities (id, activity_type, amount, description, time, account_id) VALUES ('571985e3-17ff-4859-9c07-a6c1404ddf18', 'BUY', 1.00, 'ALIŞ [1.0] @ [906.3316016795609 GOLD-TL]', '2022-09-27 04:04:18.845480', 'b5ec7f4b-ca63-4592-a3b9-7fdb53dfd87c');
INSERT INTO public.activities (id, activity_type, amount, description, time, account_id) VALUES ('fb4e9325-20d4-4219-9fb6-37a23ca5d5d4', 'SELL', 906.33, 'SATIŞ [906.3316016795609] @ [0.001103349 TL-GOLD]', '2022-09-27 04:04:18.845752', '41bd7d3a-4f09-47c9-8c5c-3afa93d3c02d');
INSERT INTO public.activities (id, activity_type, amount, description, time, account_id) VALUES ('4e894923-8539-46b0-a5ec-05539bd229fc', 'BUY', 1.00, 'ALIŞ [1.0] @ [906.3316016795609 GOLD-TL]', '2022-09-27 04:04:19.016993', 'b5ec7f4b-ca63-4592-a3b9-7fdb53dfd87c');
INSERT INTO public.activities (id, activity_type, amount, description, time, account_id) VALUES ('14bd81a4-8d5e-47ae-8d43-143749e3e095', 'SELL', 906.33, 'SATIŞ [906.3316016795609] @ [0.001103349 TL-GOLD]', '2022-09-27 04:04:19.017243', '41bd7d3a-4f09-47c9-8c5c-3afa93d3c02d');
INSERT INTO public.activities (id, activity_type, amount, description, time, account_id) VALUES ('95820722-0beb-4b1e-9324-e4c26aacc190', 'BUY', 1.00, 'ALIŞ [1.0] @ [906.3316016795609 GOLD-TL]', '2022-09-27 04:04:19.191318', 'b5ec7f4b-ca63-4592-a3b9-7fdb53dfd87c');
INSERT INTO public.activities (id, activity_type, amount, description, time, account_id) VALUES ('5165c5c1-5af5-4e93-858f-630644d735b5', 'SELL', 906.33, 'SATIŞ [906.3316016795609] @ [0.001103349 TL-GOLD]', '2022-09-27 04:04:19.191853', '41bd7d3a-4f09-47c9-8c5c-3afa93d3c02d');
INSERT INTO public.activities (id, activity_type, amount, description, time, account_id) VALUES ('6940b904-3dd3-4fc1-be3c-ee23e84a96e7', 'BUY', 1.00, 'ALIŞ [1.0] @ [906.3316016795609 GOLD-TL]', '2022-09-27 04:04:19.361783', 'b5ec7f4b-ca63-4592-a3b9-7fdb53dfd87c');
INSERT INTO public.activities (id, activity_type, amount, description, time, account_id) VALUES ('f8069014-648c-4bb7-b572-ec8305901eca', 'SELL', 906.33, 'SATIŞ [906.3316016795609] @ [0.001103349 TL-GOLD]', '2022-09-27 04:04:19.361916', '41bd7d3a-4f09-47c9-8c5c-3afa93d3c02d');
INSERT INTO public.activities (id, activity_type, amount, description, time, account_id) VALUES ('b55ebed9-6b64-47e3-b808-72cffdac5ed2', 'BUY', 1.00, 'ALIŞ [1.0] @ [906.3316016795609 GOLD-TL]', '2022-09-27 04:04:19.519599', 'b5ec7f4b-ca63-4592-a3b9-7fdb53dfd87c');
INSERT INTO public.activities (id, activity_type, amount, description, time, account_id) VALUES ('7de2cb03-d8bb-4c51-b315-ffb3d831f5db', 'SELL', 906.33, 'SATIŞ [906.3316016795609] @ [0.001103349 TL-GOLD]', '2022-09-27 04:04:19.519734', '41bd7d3a-4f09-47c9-8c5c-3afa93d3c02d');
INSERT INTO public.activities (id, activity_type, amount, description, time, account_id) VALUES ('a8963c52-2296-48f6-a94e-18688f80e39c', 'BUY', 1.00, 'ALIŞ [1.0] @ [906.3316016795609 GOLD-TL]', '2022-09-27 04:04:19.707510', 'b5ec7f4b-ca63-4592-a3b9-7fdb53dfd87c');
INSERT INTO public.activities (id, activity_type, amount, description, time, account_id) VALUES ('25934f23-d919-42f8-8c97-af96b11f9557', 'SELL', 906.33, 'SATIŞ [906.3316016795609] @ [0.001103349 TL-GOLD]', '2022-09-27 04:04:19.707942', '41bd7d3a-4f09-47c9-8c5c-3afa93d3c02d');
INSERT INTO public.activities (id, activity_type, amount, description, time, account_id) VALUES ('28fc7cd6-1821-4c9a-a212-486f591b3c32', 'BUY', 1.00, 'ALIŞ [1.0] @ [906.3316016795609 GOLD-TL]', '2022-09-27 04:04:20.064477', 'b5ec7f4b-ca63-4592-a3b9-7fdb53dfd87c');
INSERT INTO public.activities (id, activity_type, amount, description, time, account_id) VALUES ('c4294d68-bacc-4dc1-8b63-3d8d4120259c', 'SELL', 906.33, 'SATIŞ [906.3316016795609] @ [0.001103349 TL-GOLD]', '2022-09-27 04:04:20.065087', '41bd7d3a-4f09-47c9-8c5c-3afa93d3c02d');
INSERT INTO public.activities (id, activity_type, amount, description, time, account_id) VALUES ('0a2569a3-286b-4d77-9827-9b3670f2d6e2', 'BUY', 1.00, 'ALIŞ [1.0] @ [906.3316016795609 GOLD-TL]', '2022-09-27 04:04:20.233235', 'b5ec7f4b-ca63-4592-a3b9-7fdb53dfd87c');
INSERT INTO public.activities (id, activity_type, amount, description, time, account_id) VALUES ('4cc1a4cf-6f77-45b2-83d8-dc8ea5f6127f', 'SELL', 906.33, 'SATIŞ [906.3316016795609] @ [0.001103349 TL-GOLD]', '2022-09-27 04:04:20.234145', '41bd7d3a-4f09-47c9-8c5c-3afa93d3c02d');
INSERT INTO public.activities (id, activity_type, amount, description, time, account_id) VALUES ('9e40d7c7-05c6-405a-9f91-efec19711acb', 'BUY', 1.00, 'ALIŞ [1.0] @ [906.3316016795609 GOLD-TL]', '2022-09-27 04:04:20.411145', 'b5ec7f4b-ca63-4592-a3b9-7fdb53dfd87c');
INSERT INTO public.activities (id, activity_type, amount, description, time, account_id) VALUES ('b7a54ce5-c8ff-4aca-a39e-42b675ce8830', 'SELL', 906.33, 'SATIŞ [906.3316016795609] @ [0.001103349 TL-GOLD]', '2022-09-27 04:04:20.411803', '41bd7d3a-4f09-47c9-8c5c-3afa93d3c02d');
INSERT INTO public.activities (id, activity_type, amount, description, time, account_id) VALUES ('70e6c3d8-b716-440e-9657-f5734c5fbb73', 'BUY', 1.00, 'ALIŞ [1.0] @ [923.573778198253 GOLD-TL]', '2022-09-27 04:05:13.496095', 'b5ec7f4b-ca63-4592-a3b9-7fdb53dfd87c');
INSERT INTO public.activities (id, activity_type, amount, description, time, account_id) VALUES ('6d47c0d7-df15-49a8-b833-9902234ae9ce', 'SELL', 923.57, 'SATIŞ [923.573778198253] @ [0.001082751 TL-GOLD]', '2022-09-27 04:05:13.496751', '41bd7d3a-4f09-47c9-8c5c-3afa93d3c02d');
INSERT INTO public.activities (id, activity_type, amount, description, time, account_id) VALUES ('dc8dd8c0-1543-42b4-81fb-2b1bc46a234c', 'BUY', 5.00, 'ALIŞ [5.0] @ [923.573778198253 GOLD-TL]', '2022-09-27 04:05:28.268224', 'b5ec7f4b-ca63-4592-a3b9-7fdb53dfd87c');
INSERT INTO public.activities (id, activity_type, amount, description, time, account_id) VALUES ('971b7be3-53fd-46c8-bd75-579d8424fe50', 'SELL', 4617.87, 'SATIŞ [4617.868890991265] @ [0.001082751 TL-GOLD]', '2022-09-27 04:05:28.268600', '41bd7d3a-4f09-47c9-8c5c-3afa93d3c02d');
INSERT INTO public.activities (id, activity_type, amount, description, time, account_id) VALUES ('9e199ba8-7f79-4420-bc09-f0d87bf02497', 'BUY', 110510.37, 'ALIŞ [110510.37047121918] @ [920.9197539268265 TL-GOLD]', '2022-09-27 04:06:27.958200', '41bd7d3a-4f09-47c9-8c5c-3afa93d3c02d');
INSERT INTO public.activities (id, activity_type, amount, description, time, account_id) VALUES ('47a71a96-555d-4e4d-a5f5-d49b9544c788', 'SELL', 120.00, 'SATIŞ [120.0] @ [0.001085871 GOLD-TL]', '2022-09-27 04:06:27.958705', 'b5ec7f4b-ca63-4592-a3b9-7fdb53dfd87c');
